[
  {
    "id": "0279d2d7-d99e-48c0-a634-f4b024d3f801",
    "name": "PHOQUE",
    "image": "/uploads/d3a02925-e562-43bb-a15e-85db5f809511_images.jpg",
    "file_id": "ee8d73fe-04ee-499d-a155-74d2117918d9",
    "file_path": "uploads\\c723568a-c496-47ba-bf23-a386ec6c192f_cid kagenu.rbxl",
    "file_name": "cid kagenu.rbxl"
  },
  {
    "id": "4a348d6f-3214-43ff-aa79-0fea1f39962b",
    "name": "CC",
    "image": "/uploads/871585da-244f-45dc-a285-74e21570775e_488805323_694135182956756_6455412834415565861_n.png",
    "file_id": "60899e48-f77e-43db-8e73-57dd34d3996b",
    "file_path": "uploads\\4d47ab46-b4b0-4445-b8ae-cf527b4ec8f7_PO.rbxl",
    "file_name": "PO.rbxl"
  },
  {
    "id": "8fc091b4-eeeb-4df0-b7da-eec3568507e5",
    "name": "SO",
    "image": "/uploads/4c079907-f7b9-4ce7-bc9f-36c114494bf3_imagefgdfrdgfsdg.png",
    "file_id": "1b274207-f213-44bf-893d-20a226271e13",
    "file_path": "uploads\\3395f74f-52ad-4aac-85d9-eb5d2bb8e50f_PO.rbxl",
    "original_file_name": "PO.rbxl",
    "file_name": "3395f74f-52ad-4aac-85d9-eb5d2bb8e50f_PO.rbxl"
  },
  {
    "id": "f980bee4-9213-4e07-89f0-0b68e7ada86c",
    "name": "Cid",
    "image": "/uploads/d5b909e1-b47e-4b13-b979-6e9ae618f02d_images.jpg",
    "file_id": "e5bb6c33-f128-4333-a7c8-9bc103200fd9",
    "file_path": "uploads\\5db0aab4-d6e7-4e0a-82b3-2cf734edbb81_cid kagenu.rbxl",
    "original_file_name": "cid kagenu.rbxl",
    "file_type": "application/octet-stream"
  }
]